Sequence,Count
Mathematics-Number and Algebra-Number and place value-ACMNA122-NULL,0
Mathematics-Number and Algebra-Number and place value-ACMNA122-ELBM239,1
Mathematics-Number and Algebra-Number and place value-ACMNA122-ELBM240,3
Mathematics-Number and Algebra-Number and place value-ACMNA122-ELBM241,15
Mathematics-Number and Algebra-Number and place value-ACMNA123-NULL,19
Mathematics-Number and Algebra-Number and place value-ACMNA123-ELBM243,15
Mathematics-Number and Algebra-Number and place value-ACMNA123-ELBM244,20
Mathematics-Number and Algebra-Number and place value-ACMNA124-ELBM528,5
Mathematics-Number and Algebra-Number and place value-ACMNA124-ELBM527,3
Mathematics-Number and Algebra-Number and place value-ACMNA124-ELBM529,10
Mathematics-Number and Algebra-Number and place value-ACMNA124-ELBM530,18
Mathematics-Number and Algebra-Fractions and decimals-ACMNA125-ELBM249,12
Mathematics-Number and Algebra-Fractions and decimals-ACMNA126-NULL,19
Mathematics-Number and Algebra-Fractions and decimals-ACMNA126-ELBM250,13
Mathematics-Number and Algebra-Fractions and decimals-ACMNA126-ELBM251,11
Mathematics-Number and Algebra-Fractions and decimals-ACMNA126-ELBM252,1
Mathematics-Number and Algebra-Fractions and decimals-ACMNA127-ELBM531,17
Mathematics-Number and Algebra-Fractions and decimals-ACMNA128-NULL,4
Mathematics-Number and Algebra-Fractions and decimals-ACMNA128-ELBM253,1
Mathematics-Number and Algebra-Fractions and decimals-ACMNA128-ELBM254,14
Mathematics-Number and Algebra-Fractions and decimals-ACMNA129-ELBM532,4
Mathematics-Number and Algebra-Fractions and decimals-ACMNA130-ELBM533,10
Mathematics-Number and Algebra-Fractions and decimals-ACMNA131-NULL,14
Mathematics-Number and Algebra-Fractions and decimals-ACMNA131-ELBM258,0
Mathematics-Number and Algebra-Money and financial mathematics-ACMNA132-NULL,6
Mathematics-Number and Algebra-Money and financial mathematics-ACMNA132-ELBM259,18
Mathematics-Number and Algebra-Patterns and algebra-ACMNA133-NULL,16
Mathematics-Number and Algebra-Patterns and algebra-ACMNA133-ELBM534,1
Mathematics-Number and Algebra-Patterns and algebra-ACMNA133-ELBM535,18
Mathematics-Number and Algebra-Patterns and algebra-ACMNA134-ELBM262,12
Mathematics-Measurement and Geometry-Using units of measurement-ACMMG135-ELBM224,14
Mathematics-Measurement and Geometry-Using units of measurement-ACMMG136-ELBM226,5
Mathematics-Measurement and Geometry-Using units of measurement-ACMMG136-ELBM225,4
Mathematics-Measurement and Geometry-Using units of measurement-ACMMG137-NULL,13
Mathematics-Measurement and Geometry-Using units of measurement-ACMMG137-ELBM227,0
Mathematics-Measurement and Geometry-Using units of measurement-ACMMG138-ELBM228,15
Mathematics-Measurement and Geometry-Using units of measurement-ACMMG139-NULL,8
Mathematics-Measurement and Geometry-Using units of measurement-ACMMG139-ELBM519,0
Mathematics-Measurement and Geometry-Using units of measurement-ACMMG139-ELBM518,7
Mathematics-Measurement and Geometry-Shape-ACMMG140-NULL,12
Mathematics-Measurement and Geometry-Shape-ACMMG140-ELBM038,2
Mathematics-Measurement and Geometry-Shape-ACMMG140-ELBM231,15
Mathematics-Measurement and Geometry-Location and transformation-ACMMG142-NULL,16
Mathematics-Measurement and Geometry-Location and transformation-ACMMG142-ELBM524,8
Mathematics-Measurement and Geometry-Location and transformation-ACMMG142-ELBM525,4
Mathematics-Measurement and Geometry-Location and transformation-ACMMG143-ELBM526,6
Mathematics-Measurement and Geometry-Geometric reasoning-ACMMG141-NULL,17
Mathematics-Measurement and Geometry-Geometric reasoning-ACMMG141-ELBM521,17
Mathematics-Measurement and Geometry-Geometric reasoning-ACMMG141-ELBM523,13
Mathematics-Measurement and Geometry-Geometric reasoning-ACMMG141-ELBM522,20
Mathematics-Measurement and Geometry-Geometric reasoning-ACMMG141-ELBM520,8
Mathematics-Statistics and Probability-Chance-ACMSP144-ELBM039,20
Mathematics-Statistics and Probability-Chance-ACMSP145-NULL,19
Mathematics-Statistics and Probability-Chance-ACMSP145-ELBM263,1
Mathematics-Statistics and Probability-Chance-ACMSP146-NULL,9
Mathematics-Statistics and Probability-Chance-ACMSP146-ELBM264,16
Mathematics-Statistics and Probability-Data representation and interpretation-ACMSP147-NULL,9
Mathematics-Statistics and Probability-Data representation and interpretation-ACMSP147-ELBM537,3
Mathematics-Statistics and Probability-Data representation and interpretation-ACMSP147-ELBM536,6
Mathematics-Statistics and Probability-Data representation and interpretation-ACMSP148-NULL,18
Mathematics-Statistics and Probability-Data representation and interpretation-ACMSP148-ELBM538,20
Mathematics-Statistics and Probability-Data representation and interpretation-ACMSP148-ELBM539,8